{"ASVspoof2019": {"means": {"best_val_eer_mean": 1.5698235077752223, "test_eer_mean": 7.9921462947138835, "test_acc_mean": 98.51070681049751, "test_tdcf_mean": 0.1935312199927579, "total_train_time_mean": 784.4892919063568}, "stderrs": {"best_val_eer_stderr": 0.0, "test_eer_stderr": 0.0, "test_acc_stderr": 0.0, "test_tdcf_stderr": 0.0, "total_train_time_stderr": 0.0}, "final_info_dict": {"best_val_eer": [1.5698235077752223], "test_eer": [7.9921462947138835], "test_acc": [98.51070681049751], "test_tdcf": [0.1935312199927579], "total_train_time": [784.4892919063568]}, "batch": 128}}