{"ASVspoof2019": {"means": {"best_val_eer_mean": 1.954430443204855, "test_eer_mean": 8.51111076206511, "test_acc_mean": 98.1323458380293, "test_tdcf_mean": 0.17725476725387757, "total_train_time_mean": 776.1554861068726}, "stderrs": {"best_val_eer_stderr": 0.0, "test_eer_stderr": 0.0, "test_acc_stderr": 0.0, "test_tdcf_stderr": 0.0, "total_train_time_stderr": 0.0}, "final_info_dict": {"best_val_eer": [1.954430443204855], "test_eer": [8.51111076206511], "test_acc": [98.1323458380293], "test_tdcf": [0.17725476725387757], "total_train_time": [776.1554861068726]}, "batch": 128}}