{"ASVspoof2019": {"means": {"best_val_eer_mean": 0.7075418558580177, "test_eer_mean": 10.469185718885035, "test_acc_mean": 99.50491064240863, "test_tdcf_mean": 0.2804565960724245, "total_train_time_mean": 1299.143040895462}, "stderrs": {"best_val_eer_stderr": 0.0, "test_eer_stderr": 0.0, "test_acc_stderr": 0.0, "test_tdcf_stderr": 0.0, "total_train_time_stderr": 0.0}, "final_info_dict": {"best_val_eer": [0.7075418558580177], "test_eer": [10.469185718885035], "test_acc": [99.50491064240863], "test_tdcf": [0.2804565960724245], "total_train_time": [1299.143040895462]}, "batch": 128}}