{"ASVspoof2019": {"means": {"best_val_eer_mean": 0.8247179802615755, "test_eer_mean": 7.0150655490298846, "test_acc_mean": 99.21107712123651, "test_tdcf_mean": 0.1824498999545682, "total_train_time_mean": 1281.9006745815277}, "stderrs": {"best_val_eer_stderr": 0.0, "test_eer_stderr": 0.0, "test_acc_stderr": 0.0, "test_tdcf_stderr": 0.0, "total_train_time_stderr": 0.0}, "final_info_dict": {"best_val_eer": [0.8247179802615755], "test_eer": [7.0150655490298846], "test_acc": [99.21107712123651], "test_tdcf": [0.1824498999545682], "total_train_time": [1281.9006745815277]}, "batch": 128}}