{"ASVspoof2019": {"means": {"best_val_eer_mean": 1.3354712589681066, "test_eer_mean": 11.787628664687704, "test_acc_mean": 99.16680083722427, "test_tdcf_mean": 0.3110842597885719, "total_train_time_mean": 1940.6842515468597}, "stderrs": {"best_val_eer_stderr": 0.0, "test_eer_stderr": 0.0, "test_acc_stderr": 0.0, "test_tdcf_stderr": 0.0, "total_train_time_stderr": 0.0}, "final_info_dict": {"best_val_eer": [1.3354712589681066], "test_eer": [11.787628664687704], "test_acc": [99.16680083722427], "test_tdcf": [0.3110842597885719], "total_train_time": [1940.6842515468597]}, "batch": 128}}