{"ASVspoof2019": {"means": {"best_val_eer_mean": 1.443677164498324, "test_eer_mean": 5.21003896311118, "test_acc_mean": 99.50893575913702, "test_tdcf_mean": 0.17250132298420393, "total_train_time_mean": 2470.2562415599823, "test_tcdf_mean": 0.14839757285999997}, "stderrs": {"best_val_eer_stderr": 0.0, "test_eer_stderr": 0.0, "test_acc_stderr": 0.0, "test_tdcf_stderr": 0.0, "total_train_time_stderr": 0.0}, "final_info_dict": {"best_val_eer": [1.443677164498324], "test_eer": 5.21003896311118, "test_acc": 99.50893575913702, "test_tdcf": 0.14839757285999997, "total_train_time": [2470.2562415599823]}, "batch": 128}}