{"ASVspoof2019": {"means": {"best_val_eer_mean": 2.0497407789811293, "test_eer_mean": 7.138081171967067, "test_acc_mean": 96.6953791659958, "test_tdcf_mean": 0.2056288830979797, "total_train_time_mean": 757.7028810977936}, "stderrs": {"best_val_eer_stderr": 0.0, "test_eer_stderr": 0.0, "test_acc_stderr": 0.0, "test_tdcf_stderr": 0.0, "total_train_time_stderr": 0.0}, "final_info_dict": {"best_val_eer": [2.0497407789811293], "test_eer": [7.138081171967067], "test_acc": [96.6953791659958], "test_tdcf": [0.2056288830979797], "total_train_time": [757.7028810977936]}, "batch": 128}}