{"ASVspoof2019": {"means": {"best_val_eer_mean": 1.13868268181662, "test_eer_mean": 13.189908309659392, "test_acc_mean": 99.29157945580421, "test_tdcf_mean": 0.32350730487502305, "total_train_time_mean": 2034.3866097927094}, "stderrs": {"best_val_eer_stderr": 0.0, "test_eer_stderr": 0.0, "test_acc_stderr": 0.0, "test_tdcf_stderr": 0.0, "total_train_time_stderr": 0.0}, "final_info_dict": {"best_val_eer": [1.13868268181662], "test_eer": [13.189908309659392], "test_acc": [99.29157945580421], "test_tdcf": [0.32350730487502305], "total_train_time": [2034.3866097927094]}, "batch": 128}}