{"ASVspoof2019": {"means": {"best_val_eer_mean": 2.7129912990285128, "test_eer_mean": 8.34969890845015, "test_acc_mean": 95.76155208501046, "test_tdcf_mean": 0.22698026324882625, "total_train_time_mean": 769.8768858909607}, "stderrs": {"best_val_eer_stderr": 0.0, "test_eer_stderr": 0.0, "test_acc_stderr": 0.0, "test_tdcf_stderr": 0.0, "total_train_time_stderr": 0.0}, "final_info_dict": {"best_val_eer": [2.7129912990285128], "test_eer": [8.34969890845015], "test_acc": [95.76155208501046], "test_tdcf": [0.22698026324882625], "total_train_time": [769.8768858909607]}, "batch": 128}}