{"ASVspoof2019": {"means": {"best_val_eer_mean": 2.3480075975078285, "test_eer_mean": 9.340621988480589, "test_acc_mean": 98.50668169376911, "test_tdcf_mean": 0.2832940856453515, "total_train_time_mean": 781.8138566017151}, "stderrs": {"best_val_eer_stderr": 0.0, "test_eer_stderr": 0.0, "test_acc_stderr": 0.0, "test_tdcf_stderr": 0.0, "total_train_time_stderr": 0.0}, "final_info_dict": {"best_val_eer": [2.3480075975078285], "test_eer": [9.340621988480589], "test_acc": [98.50668169376911], "test_tdcf": [0.2832940856453515], "total_train_time": [781.8138566017151]}, "batch": 128}}