{"ASVspoof2019": {"means": {"best_val_eer_mean": 1.6780294133054394, "test_eer_mean": 13.978675226125942, "test_acc_mean": 98.7803896312993, "test_tdcf_mean": 0.35755847401912233, "total_train_time_mean": 1717.0062065124512}, "stderrs": {"best_val_eer_stderr": 0.0, "test_eer_stderr": 0.0, "test_acc_stderr": 0.0, "test_tdcf_stderr": 0.0, "total_train_time_stderr": 0.0}, "final_info_dict": {"best_val_eer": [1.6780294133054394], "test_eer": [13.978675226125942], "test_acc": [98.7803896312993], "test_tdcf": [0.35755847401912233], "total_train_time": [1717.0062065124512]}, "batch": 128}}